20260519_112414,person,2
20260519_112414,bus,1
20260519_112414,person,2
20260519_112414,bus,1
20260519_112414,person,2
20260519_112414,bus,1
20260519_112414,person,2
20260519_112414,bus,1
20260519_112414,person,2
20260519_112414,bus,1
20260519_112414,person,2
20260519_112414,bus,1
20260519_112414,person,2
20260519_112414,bus,1
20260519_112414,person,2
20260519_112414,bus,1
20260519_112414,person,2
20260519_112414,bus,1
20260519_112414,person,2
20260519_112414,bus,1
20260519_112414,person,2
20260519_112414,bus,1
20260519_112414,person,2
20260519_112414,bus,1
20260519_112414,person,2
20260519_112414,bus,1
20260519_112414,person,2
20260519_112414,bus,1
